{"asset_id":"API3","quote_currency":"IDR","high":48849.57,"low":48229.598999999995,"trade_data":[{"high":48780.087,"low":48398.553,"open":48725.60999999999,"close":48447,"volume":629478428.97,"from_time":1716951600000,"to_time":1716955200000},{"high":48708.4,"low":48275.339,"open":48447,"close":48381.19,"volume":838173356.33,"from_time":1716955200000,"to_time":1716958800000},{"high":49088.090000000004,"low":48229.598999999995,"open":48381.19,"close":48849.57,"volume":1081529954.53,"from_time":1716958800000,"to_time":1716962400000},{"high":48934.482,"low":48575.825,"open":48849.57,"close":48737.475,"volume":390390679.46999997,"from_time":1716962400000,"to_time":1716966000000}]}