{"asset_id":"RNDR","quote_currency":"IDR","high":108844.582,"low":106813.193,"trade_data":[{"high":108252.243,"low":106813.193,"open":107308.79999999999,"close":107789.008,"volume":4141740928.24,"from_time":1721091600000,"to_time":1721095200000},{"high":109639.068,"low":107346.273,"open":107789.008,"close":108844.582,"volume":6473725938.8,"from_time":1721095200000,"to_time":1721098800000},{"high":110595.69399999999,"low":108529.822,"open":108844.582,"close":110058.296,"volume":5784253118.74,"from_time":1721098800000,"to_time":1721102400000}]}