{"asset_id":"THETA","quote_currency":"IDR","high":37297.205,"low":36653.69,"trade_data":[{"high":36847.454,"low":36653.69,"open":36762.165,"close":36819.719999999994,"volume":1161986682.3,"from_time":1716951600000,"to_time":1716955200000},{"high":37304.19,"low":36787.422,"open":36819.719999999994,"close":37297.205,"volume":1898463240.9,"from_time":1716955200000,"to_time":1716958800000},{"high":37713.104,"low":37131.084,"open":37297.205,"close":37639.225,"volume":2454767881.6,"from_time":1716958800000,"to_time":1716962400000}]}